{
  "avg_monthly_return": 3.1448086983137564,
  "volatility": 0.8699568394415084,
  "profitable_periods_pct": 100.0,
  "max_drawdown": 15.222089219433833,
  "annual_return": 37.73770437976508,
  "consistency_score": 72.33673259972925,
  "assessment": "\u041e\u0422\u041b\u0418\u0427\u041d\u041e"
}